RCP_SNO,CKG_NM,CKG_MTH_ACTO_NM,CKG_MTRL_ACTO_NM,CKG_KND_ACTO_NM,CKG_TIME_NM,RCP_PARTS_DTLS,INFO_NA,INFO_PRO,INFO_FAT,INFO_CAR,INFO_ENG,RCP_NA_TIP,MANUAL01,MANUAL02,MANUAL03,MANUAL04,MANUAL05,MANUAL06
1,함박스테이크,기타,소고기,메인반찬,60분이내,"필수 재료 : 다진 소고기(90g), 다진 돼지고기(90g), 양파(15g), 마늘(7g), 깻잎(3g), 올리브오일(5g), 메추리알(35g)
숙성 : 소금(0.2g), 후춧가루(0.02g), 달걀(15g), 녹말가루(3g), 빵가루(7g)
소스 : 마른고추(3g), 대파(5g), 마늘(5g), 와인(15g),저염간장(5g), 올리고당(5g), 설탕(5g), 토마토(5g)",243.5,28.3,17.8,7.5,303.3,"?깻잎의 향으로 고기의 누린내를 잡았어요. 
?고추, 와인, 토마토를 활용한 저염소스를 만들어 나트륨 함량을 낮췄어요.",1. 마늘과 양파는 입자있게 다져 볶아서 준비한다.,"2. 다진 소고기와 돼지고기에 볶아놓은 마늘과 양파를 넣고, 소금과 후춧가루, 달걀물, 빵가루, 녹말가루를 넣어 골고루 치대어 숙성시킨다.",3. 깻잎은 곱게 채를 썰어 찬물에 담가 싱싱해 지면 건져 숙성된 고기에 넣는다.,4. 깻잎을 넣은 고기를 지름 4cm 크기의 함박스테이크 형태를 만들어 팬에 올리브오일을 넣고 익힌다,"5. 냄비에 마른고추와 대파, 마늘, 와인, 저염간장, 올리고당, 설탕을 넣어 끓이다가, 토마토(2/3 분량)를 다져넣고, 뭉근하게 졸여 체에 걸러 놓는다.",6. 남은 토마토는 원형을 살려 슬라이스하여 접시에 깔아준 뒤 익힌 함박스테이를 얹고 메추리알은 한 개씩 반숙 지단을 부쳐 익힌 함박스테이크 위에 올린다.
2,들깨순두부찌개,끓이기,기타,국/탕,30분이내,"재료 굴(40g), 멸치(2g), 표고버섯(10g), 느타리버섯(40g), 무(20g)
양파(10g), 미나리(10g), 대파(3g), 붉은 고추(2g), 순두부(100g)
양념 다진 마늘(1g), 들깻가루(10g), 국간장(1.5g), 소금(0.5g)",111.6,2.8,1.36,2.92,171.7,"보통 순두부찌개에 넣는 고춧가루를 넣지 않고
들깻가루와 들깨를 넣어 고소한 맛을 내 나트륨 섭취를 줄였다.","1. 굴은 깨끗이 씻은 뒤 김 오른 찜기에
찐다.","2. 굴을 쪄낸 물(250g)에 멸치,
표고버섯 밑동을 넣고 끓인 뒤
멸치와 표고버섯 밑동을 건져내
육수를 만든다.","3. 느타리버섯은 밑동을 제거한 후
씻어 세로로 찢고, 표고버섯은
0.5㎝ 두께로 썬다.","4. 무는 나박 썰고 양파는 채 썰고,
미나리는 3㎝ 길이로 썰고,
대파와 고추는 송송 썬다.","5. 육수에 굴, 다진 마늘, 무, 양파,
버섯을 넣고 끓인다.","6. 들깻가루와 순두부를 넣고 한소끔
끓인 뒤 국간장과 소금으로 간을
맞추고 대파, 붉은 고추, 미나리를
올려 마무리한다."
3,전복죽,끓이기,해물류,밥/죽/떡,30분이내,"쌀(50g), 전복(50g), 새우살(20g),양송이(20g), 당근(10g)
참기름(10g), 잣(10g)
- 소스 : 저염간장(5g)",109.9,17.6,1.3,36,225.9,"전복 자체에 간을 이용하고, 참기름의 고소하고 깊은 맛을 이용하여 별도의 소금을 사용하지 않은 음식이예요.","1. 깨끗이 씻은 쌀에 물을 2배 정도 넣고
약 30분 정도 충분히 불려 준비한다.","2. 전복은 수저를 이용하여 껍질에서
떼어내어 내장을 분리해 놓는다.","3. 내장을 제거한 전복은 깨끗이 씻어,
썰어 놓는다.","4. 새우살은 꼬리를 제거하고 입자있게
썰어 놓는다.","5. 양송이는 껍질을 벗겨 입자있게
썰고, 당근도 양송이 크기에 맞게
썰어 놓는다.","6. 냄비에 참기름을 두르고, 전복을 은근히
볶다가, 다시 불린 쌀을 넣고 볶은 뒤
물을 넣고 약 20분 정도 끓인다. 죽이
끓으면 새우와 양송이, 당근을 넣고
은근히 저어가면서 다시 20분 정도
더 끓여, 죽이 어우러지면 잣을 올리고
저염간장을 함께 제공한다."
4,삼겹살라면,끓이기,돼지고기,면/만두,30분이내,"재료 라면(100g), 쪽파(3g)
육수 돼지고기(삼겹살, 60g), 대파(20g), 얇게 썬 생강(5g), 가다랑어포(3g)
조림양념 저염간장(3g), 맛술(8g), 흑설탕(3g)",332.7,3.25,2.97,14.66,525.2,"가다랑어포 육수를 사용해 나트륨 섭취를 줄였다.
또한 라면을 끓인 뒤 찬물로 헹궈 나트륨 함량을 낮췄다","1. 돼지고기를 차가운 물로 헹구고
냄비에 물(300g), 대파, 생강과 같이
넣고 끓여 돼지고기가 익으면
면포에 거른다.","2. 냄비에 물(300g)을 넣어 끓으면
가다랑어포를 넣고 1분간 끓이고
불을 꺼 가다랑어포가 가라앉으면
면포에 거르고, 다시 물(300g)을
넣어 면포에 걸러낸 가다랑어포를
넣어 약한 불로 10분간 끓인 뒤
가다랑어포가 가라앉으면 면포에
거른다.","3. 돼지고기 육수와 가다랑어포 육수를
섞은 뒤 200g을 따로 덜어
조림양념을 넣고 끓이다가
돼지고기를 넣고 조린다.","4. 라면은 삶아 찬물에 헹궈 건지고,
쪽파는 송송 썬다.","5. 육수를 뜨겁게 끓인 뒤 그릇에
라면사리와 함께 담고,
돼지고기조림, 쪽파를 올리고 팬에
남은 조림 소스를 끼얹어 마무리한다.",
5,들깨칼국수,끓이기,밀가루,면/만두,,"밀가루(100g), 녹말가루(10g), 식용유(10g), 소금(0.2g)
달걀(50g), 애호박(20g), 홍고추(10g), 들깨가루(30g)
- 육수 : 건새우(10g), 멸치(20g), 양파(20g), 다시마(10g)
마늘(10g), 무(50g)",76.5,7.7,8.3,37.4,255.6,시원한 해물육수와 고소한 들깨의 조합으로 별도의 소금이 필요없어요,"1. 밀가루에 녹말가루와 식용유, 소금,
달걀, 물을 넣고 반죽을 한다.","2. 반죽된 밀가루를 비닐에 넣고 숙성을
시킨다.","3. 냄비에 건새우와 머리 ? 내장을 제거한
멸치, 양파, 다시마, 무, 통마늘을 넣고
끓인 육수를 소창에 걸러 놓는다.","4. 호박은 반달로 썰고, 홍고추는 어슷
썰어 준비한다.","5. 만들어 놓은 육수에 들깨 가루를 넣어
끓인다.","6. 숙성된 밀가루(②)를 얇게 밀어 칼국수로
만든 뒤 준비한 육수(⑤)를 한소끔 끓인
후 칼국수와 호박을 넣어 끓이다가 다시
홍고추를 넣고 한 번 더 끓여 완성한다."
6,쪽갈비구이,굽기,돼지고기,메인반찬,60분이내,"쪽갈비 400g, 올리브오일 30g, 통후추 1g, 건 로즈마리 1g, 와인 15g
곁들이채소 : 방울토마토 45g, 양파 60g, 레몬껍질 10g
소스 : 마요네즈 30g, 식초 15g, 홀그레인 머스터즈 10g, 설탕 5g, 다진마늘 5g, 백후추 1g",150.9,23.3,22.5,2.7,306.8,고기에는 로즈마리의 향으로 잡냄새를 제거해주고 통후추를 사용해 훨씬 더 깊은 맛을 내주어 소금을 사용 안 해도 깊은 맛을 내 주어 나트륨을 줄였다.,"1. 쪽갈비는 물에 와인을 넣어 80% 이상을 삶아
냉수에 헹군다. 데쳐낸 쪽갈비를 올리브오일
과 로즈마리와 통후추를 뿌려서 구워준다.",2. 소스를 만들어준다.,3. 레몬껍질은 채 썰어준다.,"4. 방울토마토는 먹기 좋게 자르고 양파도 먹기
좋게 잘라 팬에 구워준다.",5. 쪽갈비를 레몬껍질과 함께 굽는다.,"6. 구워진 채소에 함께 쪽갈비를 굽고 소스와
함께 완성한다."
7,해물우동볶음,볶음,기타,면/만두,60분이내,"새우(20g), 오징어(20g), 조개살(20g), 양배추(20g)
파프리카(20g), 청경채(20g), 당근(20g), 양파(20g)
저염버터(10g), 우동(100g), 굴소스(20g), 칠리소스(30g)
가쯔오부시(5g)",1259.7,17,6.4,60.9,369.1,해산물로 간을 하여 추가 간을 해주지 않아도 음식에 맛과 풍미를 주었어요.,"1. 새우는 내장을 제거하고, 오징어는
껍질을 벗겨 안쪽으로 칼집을 넣은 뒤
준비한 새우, 오징어, 조개살을 살짝
데친다.","2. 양배추와 파프리카를 길쭉하게 썰고
당근, 양파는 채를 썰어 준비한다.","3. 굴소스와 칠리소스를 섞어 소스를
만들어 놓는다.",4. 우동은 끓는 물에 한 번 데쳐 준비한다.,"5. 팬에 버터를 둘러 해물을 먼저 볶다가
만들어 놓은 소스를 넣는다.","6. 5번에 채소를 넣어 살짝 볶다가 데친
우동을 넣고 한 번 더 볶은 후 접시에
담고 그 위에 가쯔오부시를 올려
완성한다."
8,된장국,끓이기,기타,국/탕,30분이내,"된장국
두부 20g(2×2×2cm), 애느타리버섯 20g(4가닥), 감자 10g(4×3×1cm), 양파 10g(2×1cm), 대파 10g(5cm), 된장 5g(1작은술), 물 300ml(1½컵)",260,2,0,3,20,"된장국의 된장 사용량을 줄이기 위해 두부와 감자 등의 재료를 갈아 넣으면 담백한 된장국을 맛볼 수 있어요.
된장의 양을 적게 사용함으로 나트륨 섭취를 줄일 수 있어요.","1. 감자, 양파는 얇게 썰고 애느타리 버섯은 썰어 달궈진 팬에 굽는다.","2. 냄비에 물을 붓고 된장을 푼 뒤 감자, 양파, 두부를 넣어 재료가 투명해지게 끓인 후 된장국의 재료를 건져서 믹서에 넣어 갈고 된장국에 넣어 한번 더 끓인다.",3. 구운 애느타리버섯과 대파를 국에 넣어 끓인 후 그릇에 담는다.,,,
9,족발수육,삶기,돼지고기,메인반찬,2시간이내,"주재료 : 양념족발 200g, 고구마 150g, 가지 150g, 맥주 400g, 백김치 50g
백김치 무침양념 : 참기름 15g, 통깨 3g",471.7,22.2,14.3,16.2,282.2,백김치를 물에 헹궈 양념을 제거하여 짠맛을 줄였다.,"1. 조미된 족발은 뜨거운 맥주에 데쳐내 기름기를
제거한다.","2. 고구마는 편으로 썰어 냉수에 헹궈 기름
없는 팬에 구워준다.",3. 가지는 편으로 썰어서 수분을 제거한다.,4. 가지는 편으로 썰어 살짝 구워준다.,"5. 백김치는 물에 헹궈서 손으로 꼭 짠 후 송송
썰어서 양념을 해 무쳐준다.","6. 무쳐준 김치와 함께 구워진 채소와 족발수육을
담아 완성한다."
10,파인애플볶음밥,볶음,과일류,밥/죽/떡,30분이내,"밥 150g, 칵테일새우 50g, 파인애플 통조림 100g, 양파 60g, 청고추 15g
노란파프리카 20g, 빨간파프리카 20g, 마늘 15g, 계란 60g, 마늘기름 30g
흰후추 1g, 레몬소금 1g, 맛간장 15g, 통깨 10g",280.1,12.3,10,36.6,285.3,"파인애플에 레몬소금을 살짝 뿌려서 단맛을 향상시키고 더욱 쫀득하게 만들어준다.
과일을 이용해 만든 맛간장을 마지막에 살짝 첨가해주면서 풍미를 더해주는 요리법으로 나트륨을 줄였다.","1. 양파, 2가지색 파프리카, 청고추는 작은 깍두기
모양으로 잘라준다.","2. 파인애플도 먹기 좋게 썰어준 뒤 레몬소금을
살짝 뿌려준다.",3. 계란은 풀어서 팬에 스크램블을 만들어준다.,"4. 마늘을 다진 후 마늘기름으로 칵테일 새우를
볶아준다.","5. 볶아진 칵테일새우에 잘라준 채소를 넣어
다시 볶아준다.","6. 여기에 밥을 넣어서 볶아주고 파인애플과
맛간장, 통깨를 넣어서 볶아준다."
11,호박죽,끓이기,채소류,밥/죽/떡,30분이내,"단호박 200g, 찹쌀가루 100g, 브로콜리 50g, 양파 60g, 볶은 현미 25g
버섯마늘소금 2g, 흰후추 1g, 치즈가루 15g",101.4,5.6,2.3,26.8,150.1,"호박죽의 감칠맛을 높이기 위해 버섯마늘소금과 치즈가루로 간을 하였다.
볶은 현미를 이용해 나트륨 사용을 줄여주고 고소함을 더했다.","1. 단호박은 껍질을 까고 작게 잘라주고, 양파도
작게 잘라준다.","2. 브로콜리는 뜨거운 물에 데쳐내 준 후 송송
잘라준다.",3. 찹쌀가루는 물 100g에 풀어준다.,4. 단호박과 양파는 물 300g에 삶아준다.,"5. 단호박과 양파가 익으면 믹서에 갈아서 다시
끓여준 뒤 찹쌀가루물을 넣어 끓여준다.","6. 호박죽이 끓어오르면 치즈가루를 넣어준 후
볶은 현미랑 완성한다."
12,차돌박이구이,굽기,소고기,메인반찬,30분이내,"재료 연근(30g), 미나리(20g), 오렌지(50g), 오렌지주스(50g)
차돌박이(60g), 어린잎채소(10g)
홍초물 설탕(5g), 홍초(20g), 물(10g)",32,8.88,8.33,9.64,210.2,염분이 많은 양념 대신에 오렌지와 홍초를 이용해 상큼한 맛을 살리면서 나트륨 함량을 줄였다,"1. 연근은 얇게 3㎜ 정도의 두께로 썰어
홍초물에 담가 절인다.","2. 미나리는 연근과 비슷한 길이로
썬다.","3. 오렌지는 껍질은 얇게 벗겨 채 썰고,
과육부분은 반달 모양으로 2조각
썬다.","4. 과육을 오렌지주스와 섞은 뒤 갈아
오렌지소스를 만든다.","5. 팬에 차돌박이를 펼친 뒤
오렌지소스를 조금씩 넣으며 익힌다.","6. 그릇에 연근초절임, 미나리,
어린잎채소, 차돌박이 순서로
담은 뒤 오렌지 껍질과
오렌지소스를 얹어 마무리한다."
13,수삼떡갈비,굽기,돼지고기,메인반찬,,"다진소고기(100g), 수삼(50g), 양파(20g), 대파(10g)
마늘(10g), 저염간장(10g), 후춧가루(0.05g), 정종(10g)
찹쌀가루(10g), 새송이(50g), 대추(20g), 통깨(2g)
어린잎(10g)
- 소스 : 저염간장(10g), 올리고당(20g), 설탕(5g), 육수(100g)",162.1,38.7,19.1,15.5,388.6,수삼의 향으로 나트륨 섭취를 줄였어요,"1. 수삼은 뇌두를 제거하고 양파와
대파, 마늘과 함께 다진다","2. 다진 소고기에 다진 재료(①)와 간장,
후춧가루, 정종, 찹쌀가루를 넣어
골고루 섞는다.","3. 대추는 씨를 제거하고 채를 썰어
곁들임채소로 준비하고, 새송이는
길이로 썰어 갈비뼈 모양으로 만들어
놓는다.","4. 양념이 된 소고기(②)를 새송이(③)에
감싸듯 타원형 모양으로 떡갈비를
만든다.","5. 만들어 놓은 떡갈비를 팬에 은근히
익힌다.","6. 간장과 올리고당, 설탕, 육수를 넣고
섞어가며 바글바글 끓인 뒤, 익힌 떡갈
비(⑤)를 넣고 살짝 졸인 후 접시에 담고,
그 위에 통깨를 살짝 뿌리고, 대추채(③)와
어린잎을 곁들임채소로 올려 완성한다."
14,황태두부무국,끓이기,건어물류,국/탕,15분이내,"황태 30g, 두부 50g, 함초 25g, 무 100g, 청고추 20g, 홍고추 15g
쪽파 10g, 흰후추 1g, 어간장 7g, 대파뿌리 7g",298.5,7.7,2.1,1,53.5,"황태 자체의 맛이 소금을 사용하지 않아도 음식에 맛과 풍미를 준다.
황태 국물을 이용해 감칠맛을 높이고 국간장 보다 염도가 낮은 어간장을 사용해 나트륨 함량을 줄였다.","1. 두부는 사방 1cm로 잘라주고, 무는 반은
나박썰기 하고 반은 국물을 낸다.","2. 두부는 사방 1cm로 잘라주고, 무는 반은
나박썰기 하고 반은 국물을 낸다.",3. 황태는 먹기 좋게 잘라준다.,"4. 황태, 대파뿌리, 함초, 무를 넣고 국물을 만든다.","5. 만들어진 국물에 함초와 대파뿌리를 건져내고
어간장으로 간을 해준다. 국물을 만들고 남은
무는 나박썰기 해서 국에 넣어준다.","6. 마지막에 두부를 넣어 끓여주고 먹기 직전에
청홍고추와 쪽파를 올려 완성한다."
15,칠리새우,볶음,해물류,양식,30분이내,"백새우 40g, 케첩 4g, 대파 6g, 녹말가루 3g, 밀가루 6g, 달걀 10g, 완두콩 4g, 식용유 5g, 참기름 0.5g [소스소개] 저나트륨칠리소스:두반장 1g, 고추기름 3g, 설탕 6g, 마늘 2g, 생강 0.2g, 청주 2g, 식초 3g",159,10.7,8.9,16.3,192.6,저나트륨 칠리소스는 고추기름 등을 넣어 매운맛을 내 저나트륨의 맛을 보완할수 있다.,1. 새우는 손질하여 물기를 제거한다.,"2. 달걀, 녹말가루, 밀가루로 튀김옷을 만들어 새우에 묻힌다.",3. 튀김옷을 입힌 새우를 170℃ 식용유에 두 번 튀겨낸다.,"4. 대파, 마늘, 생강은 다진다.","5. 팬에 고추기름을 두르고 2를 넣고 볶다가 청주, 두반장, 케첩을 첨가하여 볶은 후 물을 넣고 설탕, 식초로 간을 맞춘다.",6. 살짝 졸인 뒤 튀긴 새우와 완두콩을 넣고 물녹말로 농도를 맞추고 마지막으로 참기름을 넣는다.
16,영양밥,찜,채소류,밥/죽/떡,30분이내,"쌀 30g, 현미찹쌀 30g, 표고버섯 30g, 당근 30g, 대추 7.5g, 은행 3g, 밤 12g, 다시마 육수 20g [소스소개]저나트륨 간장양념장:간장 1g, 사과쥬스 4g, 겨자 0.5g, 참기름 3g, 깨소금 1g, 청고추 1g, 홍고추 1g",102,6.3,5.2,63.6,321.5,일품요리로 영양밥을 제공할 때는 저나트륨 간장양념장을 곁들여도 좋다.,1. 쌀과 현미찹쌀을 씻어 불린다.,"2. 표고버섯, 당근은 은행크기로 썬다",3. 대추도 돌려깍아 은행크기로 썬다.,"4. 1에 표고버섯, 당근, 대추와 은행, 밤을 고루 섞어 솥에 담는다.",5. 다시마 육수를 평상시 밥물보다 적게 넣고 밥을 짓는다.,6. 밥이 뜸이 들면 간장양념과 함께 제공한다.
17,해물볶음밥,볶음,해물류,밥/죽/떡,60분이내,"볶음밥 쌀(100g), 아스파라거스(5g), 새송이버섯(10g), 달걀(40g)
문어(20g), 새우살(20g), 주꾸미(15g)
미나리볶음고추장 무(20g), 우엉(10g), 미나리(5g),",681.9,7.28,2.99,26.9,493.2,"밥에 간을 따로 하지 않아 나트륨 함량을 줄이고 해산물 본연의 맛을 살렸다.
양념장을 따로 만들어 조금씩 비벼 먹으면 나트륨 섭취를 줄일 수 있다.","1. 쌀은 씻어서 체에 건져 1시간 이상
불린 후 동량의 물을 부어 밥을
짓는다.","2. 아스파라거스, 새송이버섯은 작게
깍둑 썰고, 무와 우엉, 미나리는
다진다.","3. 식용유(10g)를 두른 팬을 중간 불로
달궈 달걀을 넣고 스크램블로
볶는다.","4. 문어, 새우살, 주꾸미는 끓는 물에
살짝 데쳐 작게 자른다.","5. 식용유(15g)를 두른 팬을 중간 불로
달궈 밥을 넣어 볶다가 문어, 새우살,
주꾸미, 스크램블 에그를 넣고 조금
더 볶는다.","6. 무와 우엉에 고추장과 참기름,
물(40g)을 넣고 묽게 졸인 후 불을
끄고 미나리를 넣고 섞어
미나리볶음고추장을 만들어 밥에
곁들여 마무리한다."
18,고추잡채,볶음,콩/견과류,기타,,"돼지고기 30g, 청피망 30g, 죽순통조림 6g, 홍고추 1.4g, 표고버섯 7g, 소금 0.4g, 참기름 1g, 식용유 5g[소스소개] 고기 밑간 양념:후춧가루 0.1g, 정종 1g, 달걀 4g, 녹말가루 3g",147,6.2,11.7,4.9,150.6,돼지고기나 채소에는 밑간을 하지않고 마지막에 간을 한다. 꽃빵과 함께 제공하면 좋다.,1. 고추는 반으로 갈라 속을 제거한다.,2. 손질한 고추는 3cm 길이로 채썬다.,"3. 죽순, 표고버섯, 대파, 생강을 채썬다.",4. 돼지고기는 얇게 저민 후 0.3x5cm 길이로 곱게 채썰어 밑간 한다.,"5. 밑간 한 돼지고기를 달걀흰자, 녹말가루에 묻혀 놓는다.","6. 팬에 식용유를 넣고 생강을 볶아 향을 내고 채소, 고기를 넣어 볶다가 간을 한 다음 참기름을 두르고 굽는다."
19,라따뚜이,기타,채소류,메인반찬,15분이내,"토마토(150g), 가지(1/2개), 애호박(1/2개), 홀토마토(50g),
양파(30g), 월계수잎(1장), 파슬리(5g)",227.6,2.3,3.3,9.3,75.5,홀토마토를 사용하게 되면 별도의 나트륨을 넣지 않아도 맛있는 음식을 만들 수 있어요.,1. 토마토는 슬라이스 한다.,2. 홀토마토와 양파는 곱게 다진다.,3. 가지와 애호박은 둥글게 썬다.,4. 팬에 가지와 애호박을 굽는다,"5. 냄비에 다진 토마토를 넣고 볶다가
다진 양파, 월계수잎을 넣고 볶아
은근히 끓여서 소스를 만든다.","6. 파슬리는 곱게 다져 준비하고 접시에
토마토, 가지, 애호박을 돌려담고 그
위에 토마토소스를 올린 뒤 다진
파슬리를 올린다."
20,햄버거스테이크,굽기,돼지고기,메인반찬,60분이내,"다진 돼지고기(60g), 다진 소고기(60g), 다진 마늘(10g)
로즈마리(2g), 빵가루(20g), 후춧가루(0.2g), 파프리카(20g)
- 소스 : 양파(20g), 플레인요거트(20g), 설탕(10g)
매실액(10g), 식초(5g), 녹말가루(10g)
- 곁들임채소 : 어린잎(5g)",193.2,30.4,29.6,8,420.4,매실과 요거트의 새콤달콤한 맛이 나트륨 사용을 줄일 수 있어요.,"1. 돼지고기와 소고기를 섞어, 매실액을
넣고 30분 정도 냉장고에서 숙성을
시킨다.","2. 숙성된 돼지고기와 소고기에 다진마늘,
로즈마리, 빵가루, 후춧가루를 넣고
골고루 섞는다.","3. 파프리카는 반으로 잘라 그 안에 씨를
수저를 이용해서 파낸다.","4. 속을 파낸 파프리카에 양념한 고기를
넣고, 꼭꼭 눌러 두툼하게 잘라 구워
접시에 담는다.","5. 양파는 입자있게 다져 팬에 기름을
넣고 은근히 볶아 양파 향을 낸다.","6. 볶아진 팬(⑤)에 준비한 플레인요거트와
설탕, 매실액을 넣고 끓이다가, 식초와
녹말을 넣고 한 번 더 끓여 소스를
완성한다. 햄버거스테이트(④)에 소스를
얹고, 어린잎을 올려 완성한다."
21,가자미쑥국,끓이기,해물류,국/탕,30분이내,"가자미 50, 모시조개 15, 쑥 20, 물 200, 된장 9, 대파 4, 들깨가루 6",567.7,15.2,4.9,3.7,123.4,가자미 대신 도다리를 넣으면 맛이 한결 담백하다.,"1. 가자미는 비늘, 내장, 지느러미를 제거하고 3등분 한다.",2. 물에 된장을 풀어 끓인다.,3. 가자미와 모시조개를 넣고 20분 더 끓인다.,4. 쑥을 넣고 5분간 팔팔 끓인다.,5. 대파와 들깨가루를 넣어 살짝 끓여낸다.,"6. 그릇에 가자미, 쑥을 우선 담고 국믈을 곁에 부어주며 담아낸다."
22,황태미역국,끓이기,건어물류,국/탕,90분이내,"?필수 재료 : 건미역(2g), 황태(4g)
?육수 : 황태머리(5g), 다시마(1g), 표고버섯(1g), 대파(1g), 물(250g)
?양념 : 참기름(1g), 다진마늘(1g), 저염국간장(2g)",170.4,3.5,0.6,6.6,46,"?칼륨이 풍부한 미역을 식재료로 사용하고, 황태 및 채소를 통해 재료 본연의 맛을 살렸어요.",1. 물과 육수 재료를 넣고 끓여 육수를 만든다.,2. 끓인 육수를 체에 거른다.,"3. 건미역과 황태를 물에 불린 후, 먹기 좋은 크기로 썬다.",4. 냄비에 참기름을 두르고 미역과 황태를 넣어 볶는다.,5. 냄비에 육수를 넣고 끓인다,6. 다진마늘과 저염국간장으로 간을 맞춰 마무리한다.
23,채소비빔밥,비빔,채소류,밥/죽/떡,60분이내,"쌀 150g, 바지락 100g, 다진쇠고기 25g, 물 300g, 참기름 15g, 흰후추 1g, 다진마늘 15g
애호박 25g, 양파 25g, 오이 25g, 당근 25g, 표고 25g
두부볶음 : 두부 50g, 함초 25g, 깻잎 10g, 양파 20g, 다진파 15g, 다진마늘 15g",189.2,10.4,10.8,41.2,303.9,"두부볶음에 특유의 향과 맛을 내는 함초, 깻잎, 양파, 계란을 넣어 추가장을 하지 않고 맛있는 맛을 낸다.","1. 바지락은 해감을 시켜준 후 물에 넣어 바지락
육수를 만들어준다.","2. 바지락살은 따로 떼어내어 다진소고기와
다시 다져서 양념해 볶아준다.","3. 두부는 물기제거를 한 후 함초, 깻잎, 다진양파,
를 넣어 치대어 두부볶음을 만들어준다.","4. 애호박은 채 썰어주고 양파, 오이, 당근, 표고도
채 썰어 각각 볶아준다.",5. 볶은 바지락과 쌀을 넣어 밥을 한다.,"6. 몰드에 밥과 각종 채소들을 올려주고 마지막에
두부 스크램블을 올려 밥을 완성한다."
24,오징어순대,찜,해물류,메인반찬,30분이내,"통오징어(100g), 양파(20g), 당근(20g), 부추(20g)
견과류(20g), 두부(50g), 대파(10g), 마늘(10g), 소금(0.5g)
녹말가루(10g), 정종(10g), 레몬(10g), 생강(5g)",242.5,39.1,15.7,6.9,325.2,갖가지 채소를 넣은 오징어 순대는 따로 양념장을 찍어먹지 않아도 맛있어요.,"1. 통오징어는 다리를 떼어내고 내장을
제거시켜 통째로 깨끗이 씻어 준비
한다.","2. 양파와 당근, 부추, 생강은 입자있게
썰고, 견과류는 다져 준비한다.","3. 두부는 물기를 짠 후 수저로 으깨어
놓는다.","4. 잘게 썰은 오징어 다리와 썰어 놓은
채소, 견과류(②), 곱게 다진 대파와
마늘, 그리고 소금과 녹말가루를 두부
(③)와 함께 골고루 섞어 순대속을
만든다.","5. 손질된 오징어 속 안에 준비한 속을
채워 넣는다.","6. 오징어순대에 레몬즙과 정종, 생강즙을
섞어 바른 뒤 찜통에 김이 오르면
오징어순대를 넣어 약 10분 정도 쪄서
완성한다."
25,파프리카볶음밥,볶음,채소류,밥/죽/떡,30분이내,"당근(20g), 쥬키니호박(20g), 표고버섯(10g), 양송이버섯(10g)
파인애플(20g), 버터(10g), 밥(50g), 닭고기살(30g)
다진마늘(10g), 저염간장(10g), 양파(20g), 올리고당(10g)
토마토 페스트(10g), 토마토(20g), 파프리카 (50g), 달걀(30g)
모짜렐라치즈(20g), 파슬리가루(0.5g)",245.3,23.1,9.9,31.9,309,토마토 사용으로 나트륨 배출을 시킬 수 있었어요.,"1. 당근, 양파, 호박, 버섯은 입자있게
다지고, 파인애플은 작은 깍뚝썰기로
썰어 준비한다.","2. 닭고기살은 작게 썰어 팬에 저염간장과
양파, 다진마늘, 올리고당을 넣어
볶으면서 졸인다.","3. 팬에 버터를 녹인 후 준비한 밥을
넣고 볶는다.","4. 볶은밥(③)에 썰어놓은 채소(①)를
넣고, 다시 볶아준다.","5. 밥과 채소가 볶아지면, 닭고기살(②)을
넣고, 토마토 페스트와 토마토를
다져넣고 볶는다.","6. 파프리카의 속을 파내고, 그 안에
볶아진 밥(⑤)을 넣고, 달걀물을
씌우고 모짜렐라치즈를 뿌려 치즈가
녹을 때까지 팬에 뚜껑을 덮어
약불에서 익힌 후 파슬리가루를
올려 완성한다."
26,버섯순두부찌개,끓이기,채소류,찌개,15분이내,"?필수 재료 : 표고버섯(3g), 애호박(10g), 감자(10g), 양파(3g), 미나리(3g), 부추(1g), 대파(1g), 청양고추(1g), 순두부(100g)
?육수 : 다시마(3g), 표고버섯 밑동(3g), 물(250g)
?양념 : 저염된장(5g), 찹쌀가루(3g), 다진마늘(1g), 들깻가루(7g), 저염국간장(1g)",243.1,6.4,3.9,6.3,85.7,"?된장의 양을 줄이는 대신 찹쌀가루와 들깻가루로 구수한 맛을 내 나트륨 함량을 낮췄어요.
?감자는 체내 나트륨 배출을 돕는 칼륨이 다량 함유된 채소예요.","1. 표고버섯은 머리와 밑동을 분리하고, 머리 부분은 잘게 썬다.","2. 애호박, 감자, 양파는 한입 크기로 썰고, 미나리와 부추는 3cm 길이로 썰고, 대파와 청양고추는 송송 썬다.","3. 물에 다시마, 표고버섯 밑동을 넣고 끓으면 건더기를 건져 육수를 만든다.","4. 육수에 저염된장과 찹쌀가루를 풀어 한소끔 끓이고, 감자와 다진마늘을 넣어 끓인다.","5. 애호박과 표고버섯을 넣고, 순두부, 양파, 들깻가루, 저염국간장을 넣어 한소끔 끓인다.","6. 대파, 청양고추, 미나리, 부추를 듬뿍 올려 마무리한다."
27,구운주먹밥,굽기,쌀,밥/죽/떡,10분이내,"재료 현미(100g), 톳(30g), 생김(5g), 달걀(50g)
밥 밑간 참기름(4g), 참깨(2g)
톳 무침양념 설탕(2g), 식초(2g)",79.4,5.79,6.84,35.43,335.1,조미김 대신 생김을 사용해 염분 섭취를 줄였다.,"1. 현미로 밥을 지은 뒤 밥 밑간을 넣고
섞는다.",2. 톳에 톳 무침양념을 넣고 버무린다.,3. 밥에 톳을 넣고 버무린다.,"4. 밥을 먹기 좋은 크기로 둥글게 뭉친
뒤 부순 생김을 골고루 묻힌다.","5. 주먹밥에 달걀물을 입힌 뒤 팬에
구워 마무리한다.",
28,전복리조또,끓이기,해물류,밥/죽/떡,30분이내,"쌀(100g), 전복(1개), 당근(20g), 양파(30g), 양송이버섯(3개),
우유(200g), 올리브오일(10g), 소금(0.2g), 후춧가루(0.01g),
버터(10g)",92.1,7.1,4.7,53.1,282.9,"천연 미네랄이 가득한 전복을 사용하면, 소금을 적게 넣어도 싱겁지 않아요.",1. 쌀은 깨끗이 씻어 30분 정도 불린다,"2. 전복은 수저로 떼어 내어 소금으로
세척한다.",3. 준비된 전복에 버터를 두르고 굽는다,"4. 당근. 양파 . 양송이는 입자 있게
다진다.","5. 냄비에 올리브 오일을 넣고 불린 쌀을
볶는다.","6. 쌀이 어느 정도 볶아지면 다져 놓은
야채를 넣어 볶다가 우유를 넣어
끓이고, 쌀이 퍼지면 구워 놓은 전복을
넣어 다시 끓인다."
29,닭강정,굽기,닭고기,메인반찬,30분이내,"닭고기(200g), 카레가루(20g), 녹말가루(10g),
튀김기름(400g), 저염간장(20g), 레몬즙(10g), 설탕(10g)
꿀(10g), 다진마늘(10g)
- 소스 : 요거트(20g), 양파(20g), 당근(20g), 파프리카(20g)
오이(20g), 케첩(10g)",377.9,29.1,40.8,22.4,573.1,상큼한 요거트 소스와 카레 튀김옷을 이용하여 별도의 소금을 닭에 넣지 않아도 맛있는 닭강정을 즐길 수 있어요.,1. 닭은 깨끗이 씻어 여러 번 토막을 낸다.,"2. 토막 낸 닭을 카레가루와 녹말가루에
버무려 놓는다.","3. 양파와 당근, 파프리카, 오이는 크기를
작은 깍두기 모양으로 썰어 준비한다.","4. 팬에 식용유를 두르고 다진마늘를 살짝
볶은 뒤 저염간장에 레몬즙과 설탕, 꿀,
볶은 마늘을 넣어 섞는다.","5. 요거트에 썰어 놓은 양파와 당근,
파프리카, 오이, 케첩을 넣어 섞어준다.","6. 튀김기름 온도가 170℃가 되면 버무려
놓은 닭(②)을 넣고 두 번 튀겨, 기름을
제거하고, ④번 소스에 살짝 버무려
접시에 담아, 준비한 요거트소스(⑤)를
올려 완성한다."
30,고등어구이,굽기,기타,메인반찬,30분이내,"고등어 70g, 밀가루 4g[소스소개]저나트륨발사믹소스:간장 1g, 올리브오일 13g, 발사믹식초 6g, 꿀 4g",105,14.7,20.3,6.3,279.9,고등어는 소금을 뿌리지 않은 생태로 갈색이 나도록 바싹 굽는다.,1. 손질된 고등어는 5cm 길이로 토막낸 뒤 껍질에 칼집을 넣는다.,2. 칼집 낸 고등어에 밀가루를 묻힌다.,3. 오븐을 200℃로 예열한다.,"4. 간장, 올리브오일, 발사믹식초, 꿀을 섞어 소스를 완성한다.",5. 고등어를 팬에 넣어 오븐에 굽는다.,6. 저나트륨발사믹소스와 구운 고등어를 함께 제공한다.
31,냉파스타,기타,채소류,양식,60분이내,"스파게티(100g), 올리브오일(10g), 소고기(50g)
저염간장(10g), 설탕(10g), 마늘(10g), 깻잎(10g)
양파(20g), 파프리카(20g), 육수(400g), 설탕(10g)
식초(10g), 저염간장(10g)",81.9,9,2.4,57.8,289.1,새콤달콤한 육수에 양념된 소고기구이가 어우러져 나트륨 함량을 낮출 수 있어요,"1. 스파게티는 약 10분 정도 삶아 건져
찬물에 헹궈 물기를 빼고 올리브오일을
발라 준비한다.","2. 소고기는 넓게 편으로 펴서 간장, 설탕,
마늘을 넣어 양념을 한다.","3. 양념된 소고기를 팬에 구워 냅킨위에
올려 기름을 빼놓는다.","4. 깻잎과 양파, 파프리카는 길게 채를
썰어 준비한다.","5. 팬에 기름을 넣고 팬이 뜨거울 때
양파를 넣어 재빠르게 볶아낸다.","6. 준비한 육수에 설탕과 식초, 저염간장을
넣어 차갑게 냉장보관하고, 그릇에
스파게티를 담고, 그 위에 볶은 양파와
깻잎, 파프리카와 구운 고기를 올린 후
차가운 육수를 부어 완성한다."
32,로제파스타,볶음,기타,면/만두,,"토마토홀 50g, 토마토 100g, 다진양파 30g, 다진마늘 15g
푸실리 50g, 치즈가루 25g, 파슬리가루 1g, 함초소금2g, 마늘오일 15g
곁들이야채 : 양파 25g, 가지 25g, 파프리카 20g, 애호박 20g",41.4,10.4,10.4,37,282.6,곁들이 채소를 입자가 있게 잘라주어 씹는 맛을 주었고 채소의 신선함을 함께 주어 나트륨 사용을 줄였다.,1. 토마토홀과 토마토는 송송 다져준다.,"2. 다진양파, 다진마늘과 다진토마토를 섞어
소스를 볶아서 신맛을 날려준다.",3. 푸실리는 삶아 오일에 버무려주고 볶아준다.,"4. 양파, 애호박, 가지, 파프리카를 먹기 좋게
잘라 팬에 볶아준다.","5. 접시에 볶아진 채소와 파스타면을 서로 다시
볶아준다.","6. 접시에 푸슬리를 올려 셋팅하고 토마토소스를
뿌려주고 치즈가루를 뿌려 완성한다."
33,가지볶음,볶음,채소류,메인반찬,,"가지 70g, 생강 0.5g, 고추장 2g, 물엿 2g, 통깨 0.5g, 들기름 2g",68,0.9,2.5,4.7,37.6,,1. 가지를 깨끗하게 씻는다.,2. 가지를 1x1x4cm 크기로 자른다.,3. 생강을 곱게 다진다.,"4. 다진 생강과 고추장, 물엿, 통깨를 섞어 양념장을 만든다.",5. 팬에 들기름을 넣고 센불에서 가지를 볶는다.,6. 가지가 다 볶아지면 양념장을 넣고 섞일 정도로만 볶는다.
34,토마토라면,끓이기,가공식품류,면/만두,,"재료 애호박(30g), 양파(20g), 청양고추(5g), 대파(5g), 토마토(300g)
라면스프(3g), 라면(100g)
육수 다시마(2.5g), 멸치(2.5g), 무(10g), 물(250g)",423.2,1.1,1,4.9,190.4,"라면스프의 양을 ¼로 줄여 나트륨 섭취량을 낮추고,
대신 토마토와 청양고추를 넣어 상큼함과 칼칼함을 더했다.","1. 냄비에 육수 재료를 넣고 10분간
끓여 건더기를 건진다.","2. 애호박은 돌려 깎아 채 썰고, 양파도
채 썰고, 청양고추와 대파는
어슷 썬다.","3. 토마토는 200g은 잘게 다지고,
100g은 두툼하게 썬다.","4. 육수에 라면스프와 라면을 넣고
살짝 익힌 뒤 양파, 애호박, 다진
토마토를 넣고 끓인다.","5. 면이 다 익으면 두툼하게 썬
토마토를 넣고 10초간 더 끓인다.",6. 대파와 청양고추를 올려 마무리한다.
35,멍게비빔밥,비빔,해물류,밥/죽/떡,15분이내,"비빔밥: 쌀밥 210, 멍게살 50, 부추 10, 무순 5, 김 0.5, 참기름 4, 통깨 1.5 양념장: 고추장 5, 설탕 1, 레몬즙 3, 간 양파 3, 매실액 3",532.8,9.7,6.2,73.3,399.5,멍게살을 다져서 냉동실에 넣어 살짝 얼렸다가 넣어도 맛있다. &#8226; 멍게 향이 강할 때는 쑥갓을 넣어 비비면 강한 향이 줄어든다.,1. 멍게는 꼭지를 따고 껍질을 벗겨 한입 크기로 썬다.,2. 부추는 2cm 길이로 썬다.,3. 김도 부추와 같은 길이로 가늘게 채 썬다.,4. 양념장 재료를 모두 섞어 양념장을 만든다.,5. 손질한 멍게에 참기름을 넣어 가볍게 버무린다.,"6. 그릇에 밥을 담고 부추, 무순, 멍게, 김, 통깨를 올리고 양념장을 넣어 비벼 먹는다."
36,감자미역국,끓이기,채소류,국/탕,60분이내,"건미역 1.5g, 감자 40g, 다진마늘 1g, 참기름 1g, 국간장 2g, 물 300ml",174.6,1.1,2.3,2.5,35.4,감자에서 나오는 전분이 깊은 맛을 내줘서 염분 사용을 줄일 수 있어요.,1. 미역을 물에 불리고 건져내 물기를 제거한다.,2. 감자는 껍질을 제거하고 한입 크기로 자른다.,3. 냄비에 참기름을 두르고 미역을 볶다가 물을 부어 끓인다.,4. 국물이 우러나면 감자를 넣고 익을 때까지 끓인다.,5. 국간장을 넣어 간을 맞춘다.,6. 다진마늘을 넣고 한소끔 더 끓여서 완성한다.
37,배추된장국,끓이기,채소류,국/탕,10분이내,"배추 20g, 두부 30g, 양파 20g, 대파 10g, 다시멸치 5g, 청양고추 1g, 다진마늘 0.5g, 생강즙 0.5g, 된장 2g, 쌀뜨물 60ml, 물 300ml",52.1,4.2,1.3,4,44.9,두부는 미리 한번 데쳐 내면 염분을 줄일 수 있어요.,"1. 배추, 양파, 두부는 한입 크기로 썰고 대파와 청양고추는 어슷썰어 준비한다.","2. 전처리 후 남은 양파껍질, 대파뿌리와 다시멸치를 넣고 육수를 우린 후 거른다.",3. 두부는 끓는 물에 10분정도 넣어서 염분기를 빼준다.,4. 냄비에 참기름과 배추를 넣어 볶다가 쌀뜨물과 육수를 넣어 끓인다.,"5. 두부와 양파, 대파, 고추를 넣는다.","6. 된장, 간마늘, 생강즙을 넣어 간을 맞춘다."
38,양배추롤,찜,채소류,기타,,"재료 현미(50g), 멥쌀(50g), 다시마(2g), 새우가루(15g), 양배추(50g)
얇게 썬 쇠고기(부채살, 80g), 송송 썬 붉은 고추(5g)
달래무침 달래(10g), 간장(10g), 참기름(5g)",127.6,12.01,6.75,18.36,227.8,"밥에 새우가루를 넣어 감칠맛을 냈고,
소금간을 하는 대신 달래무침을 곁들여 나트륨 섭취량을 줄였다.
또한 양배추에는 칼륨이 풍부하게 함유되어 있어 체내 나트륨 배출에 효과적이다","1. 현미와 쌀을 씻어 30분간 불린 뒤
물기를 빼고, 다시마를
우려낸 물(불린 쌀 동량)로 밥을 지어
식힌 후 새우가루를 넣어 섞는다.","2. 양배추는 15~20분 정도 쪄서
준비한다.","3. 얇게 저민 쇠고기를 팬에 올려
익힌다.","4. 달래는 0.5㎝ 정도로 송송 썰어
간장, 참기름에 버무린다.","5. 김발에 양배추, 고기, 밥 순서대로
올려 돌돌 말아 양배추롤을 만든다.","6. 롤을 한입 크기로 썰어 담고
달래 무침을 얹은 뒤 송송 썬
붉은 고추를 올려 마무리한다."
39,장어구이,굽기,해물류,메인반찬,30분이내,"장어 250g, 우유 100g
뿌리채소조림 : 우엉 60g, 더덕 60g, 생강 20g, 맛간장 15g, 생강청 15g
올리고당 15g, 발사믹식초 30g
곁들이김치 : 명이김치 25g, 백김치 25g",460.7,16,4,21.5,186.1,소스를 만들 때 발사믹식초를 사용하여 특유의 맛을 활용해 졸여 나트륨을 줄였다.,1. 장어는 손질해 우유에 담가 이물질을 빼준다.,"2. 더덕과 우엉은 가늘게 채 썰어 냉수에 담가
준다.",3. 생강은 채 썰어 냉수에 담가준다.,"4. 조림장을 만들어 더덕, 우엉, 생강을 각각
볶아 섞어준다.","5. 맛간장과 발사믹식초를 졸이다가 장어를
볶아준다.","6. 곁들이 김치를 준비하고 졸여진 뿌리채소와
장어를 섞어 완성한다."
40,닭곰탕,끓이기,닭고기,국/탕,,"?필수재료 : 닭 정육(90g), 대파(10g), 무(70g), 양파(20g), 홍고추(5g), 마늘(3g), 청양고추(5g)
?육수재료 : 닭뼈(200g), 다시마(3g), 대파(5g), 마늘(2g), 물(600g)
?양념 : 후추(5g)",63.5,7.6,0.7,2.5,46.5,?닭뼈와 채소로 진하게 육수를 만들어 나트륨 함량을 낮췄어요.,"1. 닭정육과 닭뼈를 깨끗이 씻어 물, 마늘, 대파, 다시마를 넣고 육수를 끓인다.",2. 닭 정육이 익으면 건져 잘게 찢는다.,"3. 무는 나박썰기하고 대파와 홍고추, 청양고추는 어슷썰기 하고 양파와 마늘은 다진다.",4. 육수가 우러나면 체에 육수를 걸러낸다.,5. 냄비에 마늘을 볶다가 닭고기를 넣고 함께 볶은 뒤 육수와 손질한 채소를 넣어 푹 끓인다.,6. 후추로 간을 해 마무리한다.
41,토마토덮밥,끓이기,채소류,메인반찬,30분이내,"쌀(100g), 가지(50g), 새우(20g)
- 소스 : 양파(20g), 마늘(10g), 올리브오일(10g)
토마토소스(20g), 케첩(20g), 토마토(80g), 설탕(5g)
- 곁들임채소 : 어린잎(5g)",181.2,15.6,3.6,71.1,379.3,토마토의 칼륨 성분이 나트륨 배출에 도움이 되요.,"1. 쌀은 물에 불려 밥을 짓고, 가지는 길게
썰어 팬에 구워 놓는다.",2. 양파와 마늘은 잘게 다져 준비한다.,3. 토마토는 입자있게 다져 놓는다.,"4. 새우는 정종을 넣어 데쳐 껍질을 벗겨
준비한다.","5. 팬에 올리브 오일을 넣고 양파와 마늘을
먼저 볶는다.","6. 볶아지는 양파와 마늘에 토마토소스와
케첩을 넣어 볶다가 토마토와 설탕을
넣어 볶다가 졸이고, 밥을 그릇에 담고,
구운 가지와 새우를 올린 후 졸여 놓은
토마토소스를 위에 올린 후 어린잎을
살짝 올려 완성한다."
42,목살스테이크,굽기,돼지고기,메인반찬,,"돼지목살(120g), 생강(5g), 로즈마리(2g), 소금(0.3g)
후춧가루(0.1g), 칠리소스(20g), 케첩(20g), 포도주스(100g)
양파(20g), 마늘(10g), 버터(10g), 브로컬리(20g), 당근(20g)
적채(20g), 샐러리(20g)",391.6,29,37.3,23.4,545.1,소스를 넣어 졸여 만든 목살 스테이크는 별도의 소금간이 필요 없기 때문에 나트륨을 감소시켜 만들 수 있어요.,"1. 돼지목살에 생강즙과 로즈마리, 소금,
후춧가루를 뿌려 숙성시킨다.","2. 양파와 마늘, 샐러리는 입자있게
다진다.","3. 칠리소스와 케첩, 포도주스를 섞는다.","4. 브로컬리는 살짝 데쳐, 작게 썰고,
당근과 적채 채를 썰어 준비한다.","5. 냄비에 버터를 넣고, 양파와 마늘을
넣어 볶는다.","6. 볶은 냄비(⑤)에 샐러리를 넣고 포도
주스(③)와 채소(④)를 넣고 자작하게
졸인 후 팬에 버터를 살짝 바르고, 팬이
따끈해 지면 숙성한 목살을 넣어 익힌다.
목살이 익혀지면, 자작하게 졸인 소스에
넣어 다시 한 번 더 졸여 완성한다."
43,단호박크림파스타,볶음,채소류,퓨전,15분이내,"단호박(150g), 파스타(80g), 소금(0.2g)
다진 마늘(10g), 버터(10g), 베이컨(20g), 양송이(20g)
양파(20g), 육수(100g), 우유(50g), 생크림(20g)",205.1,8.8,4.2,40.9,236.6,"베이컨을 사용하면, 소금을 별도로 넣지 않아도 맛이 좋은 크림 파스타를 만들 수 있어요.","1. 단호박은 잘라 씨를 제거하고 껍질을
벗겨 김이 오른 찜통에서 약 20분 정도
찐다.","2. 찐 단호박이 한 김 식으면, 채에 곱게
내려 준비하고, 스파게티는 소금을
넣고 삶아 건져놓는다.","3. 베이컨은 입자있게 썰고, 양송이버섯은
껍질을 벗겨 다지고, 양파도 입자있게
다진다.","4. 팬에 버터를 녹인 뒤 다진 마늘을 먼저
넣고 은근히 볶아 향을 만든다.","5. 볶은 마늘(④)에 베이컨과 양송이,
양파를 넣고 다시 볶는다.","6. 볶은 채소(⑤)에 육수를 붓고 끓이다가
으깬 단호박(②), 생크림, 우유를 넣어
한소끔 끓인 뒤 삶아놓은 스파게티면
(②)을 넣고 다시 한 번 더 끓여 완성
한다."
44,팥죽,끓이기,콩/견과류,밥/죽/떡,2시간이상,"팥 40g, 찹쌀가루 30g, 찹쌀 10g, 물 300g, 설탕기호에따라",9,11.8,0.1,60,287.1,"죽, 스프류는 염도가 낮아도 점도의 질감이 있어서 싱겁게 느껴지지 않으므로 나트륨 섭취율을 줄일 수 있다.",1. 찹쌀을 씻어 불린다.,2. 팥을 씻어서 건진 후 잠길 만큼 물을 붓고 끓인다.,3. 검붉은 물이 우러나오면 제거하고 팥 분량의 3배 정도 물을 넣어서 완전히 뭉그러질 때까지 끓인다.,4. 찹쌀가루는 끓는 물로 익반죽하여 1.5cm 가량의 찹쌀경단을 빚는다.,5. 삶은 팥을 손으로 주무른 다음 체에 거르고 앙금을 가라앉도록 하여 웃물을 먼저 끓으면 불린 찹쌀을 넣고 퍼질 때 까지 끓인다.,6. 앙금과 찹쌀경단을 차례로 넣고 끓인 뒤 경단이 떠오르면 2~3분 더 끓여 완성한다.(설탕이나 꿀은 기호에 따라 사용한다.)
45,단호박리조또,끓이기,채소류,밥/죽/떡,30분이내,"현미(100g), 단호박(100g), 양송이버섯(20g), 양파(20g)
버터(20g), 우유(30g), 설탕(10g), 단호박가루(20g)
생크림(20g), 요거트(10g)
- 곁들임 : 캐슈넛(20g), 아몬드(20g), 어린잎(10g)",129.1,8,5.3,48.2,272.4,단호박과 견과류가 함께 어우러져 만든 리조또는 나트륨을 감소시킨다.,"1. 현미쌀은 깨끗이 씻어 약 30분 이상
충분히 불린다.","2. 단호박은 껍질을 벗겨 먹기 좋게 썰어
불린 현미 쌀과 함께 밥을 짓는다.","3. 양송이와 양파는 다져, 냄비에 볶다가
우유와 설탕, 호박가루를 넣는다.","4. 끓고 있는 냄비에 단호박 현미밥(②)을
넣고 끓인다.","5. 밥이 어느 정도 어우러지면, 생크림과
요거트를 섞어 한 번 더 젓는다.","6. 만들어진 리조또(⑤) 위에 캐슈넛과
아몬드, 어린잎 채소를 올려 함께
완성한다."
46,단호박전,부침,채소류,메인반찬,30분이내,"단호박 50g, 밀가루 50g, 소금 0.2g, 식용유 10g, 물 10g",77,6.7,10.7,46.1,310.4,단호박 자체가 맛이 있어 소금을 넣지 않고 전을 부쳐도 담백하다.,1. 단호박은 껍질을 벗겨 속살은 그대로 두고 씨만 털어 낸다.,2. 속살은 숟가락으로 긁어내어 다진다.,3. 나머지 부분은 채썰어 2~3번 다진 후 소금을 조금 넣고 살짝 절인다.,4. 호박에 물기가 생기면 밀가루를 넣어 되직하게 반죽한다.,5. 팬이 가열되면 식용유를 넣고 한 숟가락씩 떠넣어 얇게 펴서 부친다.,6. 앞뒤로 노릇하게 부치고 접시에 담아 완성한다.
47,광어스테이크,굽기,해물류,양식,60분이내,"광어(150g), 소금(0.3g), 후춧가루(0.02g), 밀가루(20g)
달걀(50g), 아몬드(20g), 호두(20g), 올리브오일(20g)
- 소스 : 플레인요거트(50g), 꿀(10g), 레몬즙(20g)",192.9,32.2,31,19.8,487.2,광어를 견과류와 함께 어울려 만든 스테이크는 나트륨을 적게 사용해도 맛과 영양을 느낄 수 있어요.,"1. 광어는 포를 길게 떠서 소금과
후춧가루에 밑간을 해 놓는다.","2. 아몬드와 호두는 입자있게 다져
준비한다.","3. 밑간이 되어 있는 광어포에 밀가루와
달걀물을 입힌다.","4. 달걀물을 입힌 광어살에 다시 다져
놓은 견과류를 입혀 준다.","5. 팬에 올리브 오일을 넣고, 팬이 따끈해
지면 광어 살을 조심스럽게 앞뒤로
익혀 접시에 담는다.","6. 플레인요거트에 꿀과 레몬즙을 넣고
골고루 섞어 광어스테이크소스를
만들어 완성한다."
48,느타리버섯볶음,볶음,채소류,메인반찬,30분이내,"?필수재료 : 느타리버섯(25g), 파프리카(빨간색, 노란색 각 10g), 청피망(10g), 크래미(10g), 식용유(3g)
?양념 : 소금(1g), 후추(3g), 간장(1g)",158.2,2.4,3,3.8,51.5,?크래미의 간을 이용해 소금의 사용을 줄였어요.,1. 느타리버섯은 밑동을 자르고 가닥가닥 찢어 데쳐서 찬물에 헹궈 물기를 제거한다.,"2. 파프리카와 청피망은 채 썰고, 크래미는 잘게 찢는다.",3. 팬에 기름을 두르고 손질한 파프리카와 피망을 넣어 볶는다.,4. 느타리버섯을 넣어 볶는다.,5. 게살을 넣어 볶다가 간장으로 색을 낸다.,6. 소금과 후추로 마무리한다.
49,단호박피자,굽기,채소류,양식,15분이내,"다진 소고기(20g), 다진 마늘(10g), 소금(0.2g)
후춧가루(0.02g), 맛술(10g), 미니단호박(120g), 생크림(20g)
양송이(20g), 양파(20g), 당근(20g), 청피망(20g)
파프리카(20g), 베이컨(20g), 햄(20g), 올리브오일(10g)
모짜렐라치즈(20g), 파슬리가루(0.5g)",372.1,19.3,19.9,23.2,349.2,호박을 도우로 이용하여 영양가는 높이고 나트륨 함량은 줄일 수 있어요,"1. 다진 소고기에 다진마늘, 소금,
후춧가루, 맛술을 넣고 잘 섞어
숙성을 시킨다.","2. 미니 단호박을 반으로 잘라 속을 파낸
뒤 약 15분 정도 쪄서 호박 속을 긁는다.","3. 긁어 놓은 호박 속에 생크림을 넣어
골고루 섞는다.","4. 양송이와 양파, 당근, 베이컨, 햄은
사각지게 썰고, 피망과 파프리카는
속을 제거하고 사각지게 썰어 놓는다.","5. 재워놓은 소고기(①)와 베이컨, 햄을
올리브기름에 볶다가 썰어 놓은 채소를
넣어 함께 볶아 준비한다.","6. 속 파낸 단호박(②)에 준비해둔 호박속
(③)과 볶아놓은 햄과 채소(⑤)를 담고,
모짜렐라치즈를 올려 오븐에 약 5분
정도 구운 뒤 파슬리가루를 살짝 뿌려
완성한다."
50,토마토떡볶이,볶음,채소류,퓨전,60분이내,"떡볶이떡(100g), 어묵(20g), 양파(20g), 당근(20g)
표고버섯(20g), 양배추(20g), 대파(20g), 육수(100g)
- 소스 : 고추장(20g), 케첩(20g), 올리고당(20g), 다진마늘(10g)
토마토(100g), 사과(20g), 버터(10g)",503.7,7.8,2.7,73.9,351,"토마토와 사과를 이용하여 나트륨을 줄이고, 매운맛도 많이 줄여 누구나 즐겨 먹을 수 있게 만들었어요.",1. 떡볶이는 뜨거운 물에 담그어 놓는다.,"2. 토마토, 사과는 입자 있게 다진다.","3. 떡볶이떡은 뜨거운 물에 담그어
놓는다.","4. 고추장과 케첩, 올리고당, 다진 마늘을
골고루 섞는다.","5. 냄비에 버터를 녹인 뒤 토마토와 사과
(②), 소스(④)를 넣고 볶아준다.","6. 볶고 있는 소스(⑤)에 떡볶이 떡(①)과
썰어놓은 채소와 어묵(③)을 넣고,
육수를 부어 끓이다가 대파를 넣고
한 번 더 끓여 완성한다."
51,컵밥,볶음,쌀,밥/죽/떡,,"쌀밥 420g(2컵), 김 4g(1장), 배추김치 30g, 달걀 200g(4개),
베이컨 30g(3장), 소시지 30g(1개), 시금치 70g, 고춧가루 20g(1큰술), 참기름 6g(1작은술), 마늘 6g(1작은술)",117.8,7.1,11.4,21.8,218.2,"베이컨과 소시지는 데치고, 김치는 물에 헹구어 염분을 제거하고 칼륨이 많은 시금치를 사용하여 나트륨 배출을 돕는다.","1. 베이컨과, 소시지를 다진 후 끓는 물에 데쳐 팬에 볶고 다진 김치는 물에 행군 후 고추가루를 넣어 볶는다.",2. 시금치는 데친 후 다져 참기름과 다진 마늘을 넣어 무치고 달걀은 부쳐서 다진다.,3. 김은 참기름을 발라 구워 길게 자르고 밥과 준비된 재료를 층층히 쌓아 완성한다.,,,
52,유린기,튀김,닭고기,기타,30분이내,"?필수 재료 : 닭다리살(110g), 양상추(25g), 그린치커리(5g), 라디치오(5g), 홍고추(5g), 청양고추(5g), 대파(5g), 무순(3g), 마늘(1g), 생강(1g), 식용유(3g)
?소스 : 식초(5g), 저염간장(5g), 레몬즙(2g), 설탕(1g), 물(5g)
?양념 : 옥수수전분(5g)",148.2,11.3,11,7.3,173.3,?청양고추와 레몬을 사용해 매콤하고 새콤하면서 나트륨이 적은 소스를 만들었어요.,"1. 양상추와 그린치커리, 라디치오는 먹기 좋은 크기로 찢고, 고추는 잘게 다진다.","2. 대파와 생강, 마늘은 곱게 다지고, 팬에 식용유를 두른 뒤 볶는다.",3. 소스 재료를 넣어 약한 불에서 5분 정도 끓인다.,4. 소스를 식힌 뒤 잘게 썬 고추를 섞는다.,"5. 닭다리살에 옥수수전분을 묻히고, 팬에 식용유를 두른 뒤 노릇하게 굽는다.","6. 그릇에 손질한 채소를 깔고, 구운 닭다리살을 올린 뒤 소스와 무순을 올려 마무리한다."
53,해물칼국수,끓이기,해물류,면/만두,60분이내,"밀가루(180g), 소금(0.3g), 녹말가루(20g), 덧밀가루(50g)
애호박(20g), 느타리버섯(20g), 양파(20g), 대파(20g)
홍합(20g), 새우(20g), 미더덕(10g), 저염간장(10g)
- 육수 : 건새우(10g), 멸치(10g), 다시마(5g), 무(50g)
양파(20g), 마늘(20g)",150.3,12.7,2.7,27.4,184.6,칼국수면을 직접 만들어 나트륨 함량을 낮추고 풍부한 해산물을 이용하여 간장 사용을 줄였어요.,"1. 밀가루에 소금과 녹말가루를 넣고
반죽을 한다.","2. 냄비에 건새우와 머리와 내장을 제거한
멸치, 다시마, 무, 마늘, 양파를 넣고
약30분 정도 끓여 체에 걸러 육수를
만들어 놓는다.","3. 호박은 반달모양으로 썰고, 느타리는
손으로 찢고, 양파와 대파는 길게 썰어
준비한다.","4. 새우는 요지를 이용하여 새우등의
내장을 제거하고, 홍합은 족사를 때어
내고 솔을 이용하여 껍질을 깨끗이
씻어낸 후 흐르는 물에 깨끗하게
행구고, 미더덕은 깨끗이 씻어 놓는다.","5. 반죽을 해 놓은 밀가루에 덧 밀가루를
뿌려가며 얇게 밀어준다.","6. 얇게 밀어 놓은 밀가루를 칼로 썰어
덧밀가루를 털어내고, 만들어 놓은
육수에 칼국수를 넣고, 준비한 채소
(③)와 해물(④)을 넣고 간장으로 간을
맞추어 완성한다."
54,골뱅이무침,무침,가공식품류,기타,30분이내,"골뱅이 25g, 양파 13g, 대파 0.8g, 오이 25g, 미나리 13g, 깻잎 3g [소스소개]저나트륨초고추장소스:고추가루 1g, 생강즙 1g, 사과주스 10g, 설탕 10g, 고추장 2g, 식초 3g, 깨소금 1g, 참기름 1.3g, 마늘다진것 1g, 청고추 5g, 홍고추 5g",202,5.1,2.4,17.5,104,,1. 양파와 대파는 채 썰고 오이는 반달썰기한다.,2. 미나리와 깻잎은 다지듯 썬다.,3. 골뱅이는 물기를 제거하고 한 입 크기로 썬다.,4. 대파 채는 얼음물에 담가 둔다.,5. 저나트륨 초고추장소스를 만든다.,6. 내기 직전에 무친 후 완성한다.
55,누룽지과자,굽기,쌀,밥/죽/떡,30분이내,"밥 20g, 달걀흰자 20g, 밀가루 8g, 식용유 2g, 땅콩 10g, 건포도 10g, 호두 12g, 딸기잼 40g",62,8.4,14.9,48,344.4,,"1. 찬밥에 달걀흰자, 밀가루를 넣고 되직하게 반죽한다.",2. 1cm두께로 민 뒤 둥근 모양 또는 하트 모양으로 만든다.,"3. 땅콩, 호두는 잘게 다진다.","4. 팬에 식용유를 넣고 빚어 놓은 밥을 앞, 뒤로 노릇하게 굽는다.",5. 구워진 밥 과자 윗면에 딸기잼을 바른다.,"6. 건포도, 호두, 땅콩을 고루 얹어준다."
56,토마토김치,무침,채소류,메인반찬,30분이내,"방울토마토 200g, 영양부추 20g, 양파 40g, 청고추 15g, 홍고추 15g
양념 : 바나나 40g, 배 40g, 고춧가루 15g, 매실청 10g, 간편 어간장 15g
통깨 2g, 다진마늘 15g, 참기름 5g, 젓갈 5g",109.5,3.8,1.1,13.8,80.2,"김치 양념으로 나트륨 배출에 도움을 주는 바나나를 이용하였으며, 바나나를 이용해 단맛을 높여 주어 소금의 사용량을 줄일 수 있다.",1. 토마토는 먹기 좋은 크기로 잘라준다.,"2. 청고추, 홍고추, 양파는 채 썰고 부추는 먹기
좋게 잘라준다.","3. 바나나, 배, 젓갈을 갈아 준 뒤 고춧가루와
섞어준다.","4. 만들어진 국물에 나머지 재료를 넣고 최종
김치 국물을 만들어준다.",5. 국물에 영양부추만 뺀 재료를 넣고 버무려준다.,6. 마지막에 영양부추를 넣어 김치를 완성한다.
57,가지볶음밥,볶음,채소류,밥/죽/떡,10분이내,"재료 단호박(100g), 양파(30g), 석박지(35g), 파프리카(40g), 가지(90g)
두부(50g), 밥(180g), 세발나물(10g)
양념 다진 마늘(5g), 저염된장(12g), 후춧가루(0.3g), 들기름(4g)",505.1,3.33,1.14,20.15,644.9,"저염된장을 사용해 염도를 낮추고, 칼륨 함량이 높은 가지와 단호박을 사용해
체내 나트륨 배출을 돕는다.",1. 단호박은 삶아 으깬다.,"2. 양파, 석박지, 파프리카, 가지는 깍둑
썰고, 두부는 으깬다.","3. 팬에 다진 마늘, 양파, 석박지를 넣어
볶다가 두부를 넣고 수분이 없어질
때까지 볶다가 가지, 파프리카도
넣어 볶는다","4. 밥과 저염된장, 후춧가루를 넣고
볶다가 들기름을 넣어 한 번 더
볶는다.","5. 그릇에 담고 으깬 단호박과
세발나물을 곁들여 마무리한다.",
58,채소초밥,굽기,채소류,밥/죽/떡,15분이내,"쌀 40g, 현미 30g, 현미찹쌀 5g, 애호박 20g, 새송이버섯 20g, 우엉 20g, 적파프리카 15g, 황파프리카 15g, 주황파프리카 15g, 식초 2.5g, 설탕 2g, 파래김 1g, 미향 1g, 레몬 0.3g, 건다시마 0.1g",144.48,7.59,1.37,87.64,393.26,레몬을 넣어 상큼하게 만든 배합초로 다른 양념 없이도 맛있게 먹을 수 있어요.,"1. 쌀, 현미, 현미찹쌀은 물에 불린 뒤 고슬고슬하게 밥을 짓는다.","2. 분량의 식초, 설탕, 다시마, 레몬, 미향을 넣고 초밥용 배합초를 만들어 밥과 섞는다.",3. 우엉은 0.5cm 두께로 슬라이스 한 뒤 끓는 물에 데쳐 팬에 굽는다.,"4. 애호박, 파프리카는 초밥 크기로 썰어 소금물에 절인 뒤 팬에 굽는다.","5. 밥을 초밥모양으로 길쭉하게 만든 뒤 파프리카, 우엉, 버섯, 애호박을 올려 초밥을 만든다.",6. 길게 썬 파래김으로 채소가 고정되도록 밥을 감싼다.
59,두부스테이크,굽기,콩/견과류,메인반찬,60분이내,"두부(200g), 양파(30g), 새송이버섯(1개), 달걀(1개), 케일(1장),
당근(20g), 토마토(100g), 칵테일새우(30g), 레몬(1/4개),
파인애플(50g), 마늘(10g), 올리브오일(20g), 소금(0.2g)",60.7,19,22,8.7,308.8,파인애플과 올리브오일을 섞어 만든 소스는 새콤달콤해서 소금을 사용하지 않아도 맛있어요.,"1. 새우, 양파, 당근, 새송이버섯은
입자있게 다진다.",2. 두부는 곱게 으깬다.,"3. ?번과 으깬 두부, 소금, 달걀을 골고루
섞는다.","4. 파인애플을 넣어 곱게 갈아
올리브오일을 섞어 소스를 만든다.",5. 으깬 두부를 원형으로 만든다.,"6. 팬에 기름을 두르고 두부와 토마토를
굽고, 접시에 케일을 깔고 그 위에
두부와 토마토를 올린 뒤
파인애플소스를 올린다."
60,연어스테이크,굽기,기타,메인반찬,10분이내,"연어 150g, 건조다시마 사방 10cm 1장, 잎녹차 5g, 브로콜리 15g, 호두10g
귀리 20g, 쌀 20g, 미소된장 5g, 흰후추 1g, 화이트와인 15g,, 생크림 50g
수제조미료 10g, 닭육수 150g, 버터 5g",362.3,23.3,26.1,31.1,487.8,연어에 다시마의 자체 염을 염지하여 맛과 풍미를 높였다.,"1. 연어는 불려준 다시마에 싸주어 24시간 염지
시켜준다.",2. 잎 녹차는 물에 불려준다.,"3. 뒤 수분을 빼주고 팬에 올려서 연어를 약불
에서 구워내 준다.","4. 브로콜리, 호두도 먹기 좋게 잘라준다.",5. 귀리와 쌀은 1시간정도 불려준다.,"6. 닭 육수와 미소된장을 넣어 볶아주다가 불린
쌀을 넣어 볶아주어 리조또를 완성하고 접시에
리조또를 담고 구운 연어를 올려 완성한다."
61,새우완자탕,끓이기,해물류,국/탕,30분이내,"새우(5마리), 청경채(20g), 달걀(2개), 치킨육수(200g),
전분(30g), 후춧가루(0.01g), 요리술(20g), 소금(0.2g)",141.6,12.2,1.3,13.2,13.4,새우로 완자를 만들어 소금을 적게 넣어도 싱겁지 않고 맛있게 먹을 수 있어요.,"1. 새우는 내장을 제거 하고 껍질을 벗겨
깨끗이 씻는다.","2. 다진 새우에 전분, 후춧가루, 달걀흰자
및 요리술을 섞는다.","3. 반죽새우를 잘 치대어 완자로 만든 후
치킨 육수에 넣고 끓인다","4. 청경채는 깨끗이 씻어 반으로 길게
가른다.","5. 달걀은 황백으로 나눠 지단을 부쳐
마름모꼴로 썬다.","6. 완자가 익으면 물 녹말을 한 수저 넣고
청경채를 넣고 한소끔 끓인 뒤 그릇에
담고 황백지단을 올린다."
62,안심스테이크,기타,기타,기타,60분이내,"안심 160g, 아스파라거스 60g, 당근 25g, 감자 60g, 호두 40g
소스 : 망고 150g, 블루베리잼 30g, 다진마늘 15g, 버터 15g, 포도주 15g
올리고당 15g, 흰후추 1g, 볶은소금 1g",118.7,13.6,13.1,16.7,238.6,"호두를 다져서 소스에 발라주어 씹으면 씹을수록 육즙과 만나 고소함을 더해 주었고, 망고와 블루베리잼을 사용해 달콤하면서 풍미를 더해 짠맛을 대체하였다.","1. 망고를 먹기 좋은 크기로 자르고 소스재료로
소스를 만들어준다.",2. 호두를 곱게 다져준다.,"3. 안심에 만들어진 소스를 발라주고 곱게 다진
호두가루를 발라준다.","4. 감자, 당근, 아스파라거스는 먹기 좋은 크기로
잘라서 버터에 볶아준다.",5. 호두를 발라준 안심을 구워준다.,"6. 남은 망고소스를 다시 졸여서 구워진 안심
위에 뿌려주고 볶은 채소랑 완성한다."
63,쌈밥,끓이기,돼지고기,찌개,,"밥 140g, 쇠고기다진것 15g, 후춧가루 0.01g, 참기름 2g, 근대 20g, 쌈다시마 15g, 양배추 20g, 케일20g, 앤다이브 20g, 깻잎 10g, 미나리 1g, 오징어 10g [소스 소개] 저나트륨 양념간장:간장 6g, 물 30g, 홍고추 3g, 청고주 2g<br />저나트륨 초고추장:고추장 1g, 식초 0.5g,설탕 0.5g,사이다 0.5g",558,13.3,3.5,57.5,315.1,재움장의 간장은 숨만 죽이는 정도로 절여지도록 하기 위한 것이다.,"1. 고슬고슬하게 지은밥에 참기름을 섞고 다진 소고기는 후춧가루, 참기름에 무친 뒤 볶아서 밥과 섞어 주먹밥을 만든다.","2. 근대는 데친 뒤 소금, 다진 마늘, 참기름으로 무친다.",3. 쌈다시마는 물에 헹군 뒤 끓는 물에 파랗게 데쳐 6cm폭으로 자른다.,"4. 케일, 앤다이브는 씻어서 물기를 빼고 깻잎은 저나트륨 양념간장에 재운다.",5. 미나리와 오징어는 손질하여 살짝 데치고 오징어는 얇게 저며 썬다.,"6. 1의 주먹밥을 준비한 각각의 재료로 말아 싼 다음 쌈장, 저나트륨 초고추장을 올려 마무리 한다."
64,맥적구이,굽기,돼지고기,메인반찬,15분이내,"돼지고기(120g), 생강(10g), 소금(0.2g), 후춧가루(0.02g)
저염간장(20g), 정종(10g), 설탕(20g), 대파(10g), 마늘(20g)
양파(20g), 참기름(5g), 통깨(3g), 새송이버섯(20g)
표고버섯(20g), 가지(20g), 홍피망(20g)
- 된장소스 : 된장(10g), 마요네즈(20g), 생크림(10g)
다진 땅콩(20g)",551.7,30.7,30.5,17.6,467.7,된장에 마요네즈와 생크림을 넣어 만든 맥적 소스는 된장의 짠맛을 감소시켜 나트륨 함량을 낮출 수 있었어요.,"1. 돼지고기에 생강즙과 소금, 후춧가루를
넣어 숙성한다.","2. 숙성된 돼지고기에 간장과 정종, 설탕,
파, 마늘, 양파, 참기름, 통깨 넣어
골고루 양념한다.","3. 새송이, 가지, 표고, 홍피망을 편으로
썰어 준비한다.","4. 된장에 마요네즈와 생크림, 다진
땅콩을 섞어놓는다.","5. 새송이와 가지, 표고, 홍피망은 팬에서
굽는다.","6. 팬이 따끈해지면 양념한 돼지고기를
구워 접시에 담고 그 위에 된장 소스를
올리고, 구워낸 채소를 다시 위에 올려
완성한다."
65,대구지리탕,끓이기,기타,국/탕,,"재료 대구(150g), 미나리(15g), 청양고추(1g), 붉은 고추(1g)
콩나물(25g), 쑥갓(10g)
반죽 쑥가루(10g), 밀가루(20g)
육수 다시마(1g), 북어(15g), 무(30g), 물(500g)
양념 다진 마늘(10g), 다진 생강(3g)",277.3,7.19,1.15,3.87,267.7,칼륨이 풍부한 쑥을 넣어 나트륨 배출을 돕는다.,"1. 대구는 비늘과 내장을 제거하고
흐르는 물에 씻어 비린 향을 없앤다.","2. 미나리는 6cm 길이로 썰고,
청양고추, 붉은 고추는 어슷하게
썰고, 콩나물, 쑥갓을 씻어 준비한다.","3. 쑥가루와 밀가루를 섞고 물(15g)을
조금씩 넣어가며 매끈해지도록
반죽한 뒤 30분~1시간 정도
숙성시킨다.","4. 냄비에 육수 재료를 넣어 10분간
끓여 육수를 만든다.","5. 다진 마늘과 생강을 넣고 향이
우러나면 대구를 넣은 뒤 대구가
어느 정도 익으면 콩나물을 넣고,
끓어오르면 수제비 반죽을 떼어
넣는다.","6. 청양고추, 붉은 고추를 넣고 한소끔
더 끓이다가 미나리와 쑥갓을
얹은 뒤 바로 불을 꺼 마무리한다."
